lab_order,dna_id,dna_source,sample_id,pri_index_name,pri_index_seq,sec_index_start,sec_index_name,sec_index_seq,index_combo,insert_size,locus,primerF_seq,primerR_seq,file1,file2
1,ANNA-ENV-1,filter-env,ANNA-ENV-1.1,B,TAGCTT,4,29,TAGATC,B-29,180,16S,AGTTACYYTAGGGATAACAGCG,CCGGTCTGAACTCAGATCAYGT,B-sp-sp-TAGCTT_S6_R1_001_sub.fastq,B-sp-sp-TAGCTT_S6_R2_001_sub.fastq
2,ANNA-ENV-2,filter-env,ANNA-ENV-2.1,B,TAGCTT,4,1,ACACAC,B-1,180,16S,AGTTACYYTAGGGATAACAGCG,CCGGTCTGAACTCAGATCAYGT,B-sp-sp-TAGCTT_S6_R1_001_sub.fastq,B-sp-sp-TAGCTT_S6_R2_001_sub.fastq
3,ANNA-ENV-3,filter-env,ANNA-ENV-3.1,H,GTTTCG,4,22,GCGTAG,H-22,180,16S,AGTTACYYTAGGGATAACAGCG,CCGGTCTGAACTCAGATCAYGT,H-GTTTCG_S12_R1_001_sub.fastq,H-GTTTCG_S12_R2_001_sub.fastq
4,ANNA-EXP-1,filter-env,ANNA-EXP-1.1,A,GTGAAA,4,19,CTGCGT,A-19,180,16S,AGTTACYYTAGGGATAACAGCG,CCGGTCTGAACTCAGATCAYGT,A-sp-GTGAAA_S5_R1_001_sub.fastq,A-sp-GTGAAA_S5_R2_001_sub.fastq
5,ANNA-EXP-2,filter-env,ANNA-EXP-2.1,F,CTATAC,4,29,TAGATC,F-29,180,16S,AGTTACYYTAGGGATAACAGCG,CCGGTCTGAACTCAGATCAYGT,F-CTATAC_S10_R1_001_sub.fastq,F-CTATAC_S10_R2_001_sub.fastq
6,ANNA-EXP-3,filter-env,ANNA-EXP-3.1,D,ATTCCT,4,15,CGACGC,D-15,180,16S,AGTTACYYTAGGGATAACAGCG,CCGGTCTGAACTCAGATCAYGT,D-ATTCCT_S8_R1_001_sub.fastq,D-ATTCCT_S8_R2_001_sub.fastq
10,BCM1A,filter-env,BCM1A.1,A,GTGAAA,4,27,GCTACA,A-27,180,16S,AGTTACYYTAGGGATAACAGCG,CCGGTCTGAACTCAGATCAYGT,A-sp-GTGAAA_S5_R1_001_sub.fastq,A-sp-GTGAAA_S5_R2_001_sub.fastq
7,BCM1A,filter-env,BCM1A.2,C,TCCCGA,4,6,ACGACG,C-6,180,16S,AGTTACYYTAGGGATAACAGCG,CCGGTCTGAACTCAGATCAYGT,C-sp-sp-TCCCGA_S7_R1_001_sub.fastq,C-sp-sp-TCCCGA_S7_R2_001_sub.fastq
9,BCM1A,filter-env,BCM1A.3,D,ATTCCT,4,18,CACGAT,D-18,180,16S,AGTTACYYTAGGGATAACAGCG,CCGGTCTGAACTCAGATCAYGT,D-ATTCCT_S8_R1_001_sub.fastq,D-ATTCCT_S8_R2_001_sub.fastq
8,BCM1A,filter-env,BCM1A.4,E,CCGTCC,4,17,ACTAGC,E-17,180,16S,AGTTACYYTAGGGATAACAGCG,CCGGTCTGAACTCAGATCAYGT,E-sp-CCGTCC_S9_R1_001_sub.fastq,E-sp-CCGTCC_S9_R2_001_sub.fastq
13,BCM2A,filter-env,BCM2A.1,B,TAGCTT,4,23,TACGTG,B-23,180,16S,AGTTACYYTAGGGATAACAGCG,CCGGTCTGAACTCAGATCAYGT,B-sp-sp-TAGCTT_S6_R1_001_sub.fastq,B-sp-sp-TAGCTT_S6_R2_001_sub.fastq
14,BCM2A,filter-env,BCM2A.2,D,ATTCCT,4,24,ATGATA,D-24,180,16S,AGTTACYYTAGGGATAACAGCG,CCGGTCTGAACTCAGATCAYGT,D-ATTCCT_S8_R1_001_sub.fastq,D-ATTCCT_S8_R2_001_sub.fastq
11,BCM2A,filter-env,BCM2A.3,G,AGTCAA,4,6,ACGACG,G-6,180,16S,AGTTACYYTAGGGATAACAGCG,CCGGTCTGAACTCAGATCAYGT,G-sp-sp-AGTCAA_S11_R1_001_sub.fastq,G-sp-sp-AGTCAA_S11_R2_001_sub.fastq
12,BCM2A,filter-env,BCM2A.4,G,AGTCAA,4,11,GCAGTG,G-11,180,16S,AGTTACYYTAGGGATAACAGCG,CCGGTCTGAACTCAGATCAYGT,G-sp-sp-AGTCAA_S11_R1_001_sub.fastq,G-sp-sp-AGTCAA_S11_R2_001_sub.fastq
15,BCM3A,filter-env,BCM3A.1,E,CCGTCC,4,6,ACGACG,E-6,180,16S,AGTTACYYTAGGGATAACAGCG,CCGGTCTGAACTCAGATCAYGT,E-sp-CCGTCC_S9_R1_001_sub.fastq,E-sp-CCGTCC_S9_R2_001_sub.fastq
16,BCM3A,filter-env,BCM3A.2,H,GTTTCG,4,11,GCAGTG,H-11,180,16S,AGTTACYYTAGGGATAACAGCG,CCGGTCTGAACTCAGATCAYGT,H-GTTTCG_S12_R1_001_sub.fastq,H-GTTTCG_S12_R2_001_sub.fastq
17,BCM3A,filter-env,BCM3A.3,K,GGTAGC,4,23,TACGTG,K-23,180,16S,AGTTACYYTAGGGATAACAGCG,CCGGTCTGAACTCAGATCAYGT,K-sp-sp-GGTAGC_S14_R1_001_sub.fastq,K-sp-sp-GGTAGC_S14_R2_001_sub.fastq
18,BCM3A,filter-env,BCM3A.4,K,GGTAGC,4,26,ATGCAG,K-26,180,16S,AGTTACYYTAGGGATAACAGCG,CCGGTCTGAACTCAGATCAYGT,K-sp-sp-GGTAGC_S14_R1_001_sub.fastq,K-sp-sp-GGTAGC_S14_R2_001_sub.fastq
20,BGM1A,filter-env,BGM1A.1,A,GTGAAA,4,21,ACTGAT,A-21,180,16S,AGTTACYYTAGGGATAACAGCG,CCGGTCTGAACTCAGATCAYGT,A-sp-GTGAAA_S5_R1_001_sub.fastq,A-sp-GTGAAA_S5_R2_001_sub.fastq
19,BGM1A,filter-env,BGM1A.2,D,ATTCCT,4,19,CTGCGT,D-19,180,16S,AGTTACYYTAGGGATAACAGCG,CCGGTCTGAACTCAGATCAYGT,D-ATTCCT_S8_R1_001_sub.fastq,D-ATTCCT_S8_R2_001_sub.fastq
22,BGM1A,filter-env,BGM1A.3,E,CCGTCC,4,27,GCTACA,E-27,180,16S,AGTTACYYTAGGGATAACAGCG,CCGGTCTGAACTCAGATCAYGT,E-sp-CCGTCC_S9_R1_001_sub.fastq,E-sp-CCGTCC_S9_R2_001_sub.fastq
21,BGM1A,filter-env,BGM1A.4,F,CTATAC,4,22,GCGTAG,F-22,180,16S,AGTTACYYTAGGGATAACAGCG,CCGGTCTGAACTCAGATCAYGT,F-CTATAC_S10_R1_001_sub.fastq,F-CTATAC_S10_R2_001_sub.fastq
23,BGM2A,filter-env,BGM2A.1,B,TAGCTT,4,9,TCGCAT,B-9,180,16S,AGTTACYYTAGGGATAACAGCG,CCGGTCTGAACTCAGATCAYGT,B-sp-sp-TAGCTT_S6_R1_001_sub.fastq,B-sp-sp-TAGCTT_S6_R2_001_sub.fastq
26,BGM2A,filter-env,BGM2A.2,C,TCCCGA,4,30,ATGTGC,C-30,180,16S,AGTTACYYTAGGGATAACAGCG,CCGGTCTGAACTCAGATCAYGT,C-sp-sp-TCCCGA_S7_R1_001_sub.fastq,C-sp-sp-TCCCGA_S7_R2_001_sub.fastq
24,BGM2A,filter-env,BGM2A.3,G,AGTCAA,4,23,TACGTG,G-23,180,16S,AGTTACYYTAGGGATAACAGCG,CCGGTCTGAACTCAGATCAYGT,G-sp-sp-AGTCAA_S11_R1_001_sub.fastq,G-sp-sp-AGTCAA_S11_R2_001_sub.fastq
25,BGM2A,filter-env,BGM2A.4,G,AGTCAA,4,25,TCTGCG,G-25,180,16S,AGTTACYYTAGGGATAACAGCG,CCGGTCTGAACTCAGATCAYGT,G-sp-sp-AGTCAA_S11_R1_001_sub.fastq,G-sp-sp-AGTCAA_S11_R2_001_sub.fastq
30,BGM3A,filter-env,BGM3A.1,C,TCCCGA,4,28,AGAGAG,C-28,180,16S,AGTTACYYTAGGGATAACAGCG,CCGGTCTGAACTCAGATCAYGT,C-sp-sp-TCCCGA_S7_R1_001_sub.fastq,C-sp-sp-TCCCGA_S7_R2_001_sub.fastq
27,BGM3A,filter-env,BGM3A.2,D,ATTCCT,4,1,ACACAC,D-1,180,16S,AGTTACYYTAGGGATAACAGCG,CCGGTCTGAACTCAGATCAYGT,D-ATTCCT_S8_R1_001_sub.fastq,D-ATTCCT_S8_R2_001_sub.fastq
29,BGM3A,filter-env,BGM3A.3,E,CCGTCC,4,20,ACTCTG,E-20,180,16S,AGTTACYYTAGGGATAACAGCG,CCGGTCTGAACTCAGATCAYGT,E-sp-CCGTCC_S9_R1_001_sub.fastq,E-sp-CCGTCC_S9_R2_001_sub.fastq
28,BGM3A,filter-env,BGM3A.4,F,CTATAC,4,1,ACACAC,F-1,180,16S,AGTTACYYTAGGGATAACAGCG,CCGGTCTGAACTCAGATCAYGT,F-CTATAC_S10_R1_001_sub.fastq,F-CTATAC_S10_R2_001_sub.fastq
31,CCM1A,filter-env,CCM1A.1,D,ATTCCT,4,6,ACGACG,D-6,180,16S,AGTTACYYTAGGGATAACAGCG,CCGGTCTGAACTCAGATCAYGT,D-ATTCCT_S8_R1_001_sub.fastq,D-ATTCCT_S8_R2_001_sub.fastq
32,CCM1A,filter-env,CCM1A.2,F,CTATAC,4,9,TCGCAT,F-9,180,16S,AGTTACYYTAGGGATAACAGCG,CCGGTCTGAACTCAGATCAYGT,F-CTATAC_S10_R1_001_sub.fastq,F-CTATAC_S10_R2_001_sub.fastq
33,CCM1A,filter-env,CCM1A.3,G,AGTCAA,4,17,ACTAGC,G-17,180,16S,AGTTACYYTAGGGATAACAGCG,CCGGTCTGAACTCAGATCAYGT,G-sp-sp-AGTCAA_S11_R1_001_sub.fastq,G-sp-sp-AGTCAA_S11_R2_001_sub.fastq
34,CCM1A,filter-env,CCM1A.4,J,CAACTA,4,22,GCGTAG,J-22,180,16S,AGTTACYYTAGGGATAACAGCG,CCGGTCTGAACTCAGATCAYGT,J-sp-CAACTA_S13_R1_001_sub.fastq,J-sp-CAACTA_S13_R2_001_sub.fastq
37,CCM2A,filter-env,CCM2A.1,E,CCGTCC,4,22,GCGTAG,E-22,180,16S,AGTTACYYTAGGGATAACAGCG,CCGGTCTGAACTCAGATCAYGT,E-sp-CCGTCC_S9_R1_001_sub.fastq,E-sp-CCGTCC_S9_R2_001_sub.fastq
35,CCM2A,filter-env,CCM2A.2,F,CTATAC,4,2,ACAGCA,F-2,180,16S,AGTTACYYTAGGGATAACAGCG,CCGGTCTGAACTCAGATCAYGT,F-CTATAC_S10_R1_001_sub.fastq,F-CTATAC_S10_R2_001_sub.fastq
38,CCM2A,filter-env,CCM2A.3,G,AGTCAA,4,26,ATGCAG,G-26,180,16S,AGTTACYYTAGGGATAACAGCG,CCGGTCTGAACTCAGATCAYGT,G-sp-sp-AGTCAA_S11_R1_001_sub.fastq,G-sp-sp-AGTCAA_S11_R2_001_sub.fastq
36,CCM2A,filter-env,CCM2A.4,H,GTTTCG,4,3,GTCTCT,H-3,180,16S,AGTTACYYTAGGGATAACAGCG,CCGGTCTGAACTCAGATCAYGT,H-GTTTCG_S12_R1_001_sub.fastq,H-GTTTCG_S12_R2_001_sub.fastq
41,CCM3A,filter-env,CCM3A.1,A,GTGAAA,4,16,GCGAGT,A-16,180,16S,AGTTACYYTAGGGATAACAGCG,CCGGTCTGAACTCAGATCAYGT,A-sp-GTGAAA_S5_R1_001_sub.fastq,A-sp-GTGAAA_S5_R2_001_sub.fastq
40,CCM3A,filter-env,CCM3A.2,C,TCCCGA,4,12,GATGAC,C-12,180,16S,AGTTACYYTAGGGATAACAGCG,CCGGTCTGAACTCAGATCAYGT,C-sp-sp-TCCCGA_S7_R1_001_sub.fastq,C-sp-sp-TCCCGA_S7_R2_001_sub.fastq
42,CCM3A,filter-env,CCM3A.3,F,CTATAC,4,26,ATGCAG,F-26,180,16S,AGTTACYYTAGGGATAACAGCG,CCGGTCTGAACTCAGATCAYGT,F-CTATAC_S10_R1_001_sub.fastq,F-CTATAC_S10_R2_001_sub.fastq
39,CCM3A,filter-env,CCM3A.4,J,CAACTA,4,7,ATATCG,J-7,180,16S,AGTTACYYTAGGGATAACAGCG,CCGGTCTGAACTCAGATCAYGT,J-sp-CAACTA_S13_R1_001_sub.fastq,J-sp-CAACTA_S13_R2_001_sub.fastq
43,CWM1A,filter-env,CWM1A.1,D,ATTCCT,4,4,GCGCTC,D-4,180,16S,AGTTACYYTAGGGATAACAGCG,CCGGTCTGAACTCAGATCAYGT,D-ATTCCT_S8_R1_001_sub.fastq,D-ATTCCT_S8_R2_001_sub.fastq
44,CWM1A,filter-env,CWM1A.2,E,CCGTCC,4,5,ACATGT,E-5,180,16S,AGTTACYYTAGGGATAACAGCG,CCGGTCTGAACTCAGATCAYGT,E-sp-CCGTCC_S9_R1_001_sub.fastq,E-sp-CCGTCC_S9_R2_001_sub.fastq
45,CWM1A,filter-env,CWM1A.3,E,CCGTCC,4,13,ATCAGT,E-13,180,16S,AGTTACYYTAGGGATAACAGCG,CCGGTCTGAACTCAGATCAYGT,E-sp-CCGTCC_S9_R1_001_sub.fastq,E-sp-CCGTCC_S9_R2_001_sub.fastq
46,CWM1A,filter-env,CWM1A.4,E,CCGTCC,4,24,ATGATA,E-24,180,16S,AGTTACYYTAGGGATAACAGCG,CCGGTCTGAACTCAGATCAYGT,E-sp-CCGTCC_S9_R1_001_sub.fastq,E-sp-CCGTCC_S9_R2_001_sub.fastq
51,CWM3A,filter-env,CWM3A.1,C,TCCCGA,4,13,ATCAGT,C-13,180,16S,AGTTACYYTAGGGATAACAGCG,CCGGTCTGAACTCAGATCAYGT,C-sp-sp-TCCCGA_S7_R1_001_sub.fastq,C-sp-sp-TCCCGA_S7_R2_001_sub.fastq
52,CWM3A,filter-env,CWM3A.2,C,TCCCGA,4,14,TCGTCA,C-14,180,16S,AGTTACYYTAGGGATAACAGCG,CCGGTCTGAACTCAGATCAYGT,C-sp-sp-TCCCGA_S7_R1_001_sub.fastq,C-sp-sp-TCCCGA_S7_R2_001_sub.fastq
53,CWM3A,filter-env,CWM3A.3,G,AGTCAA,4,29,TAGATC,G-29,180,16S,AGTTACYYTAGGGATAACAGCG,CCGGTCTGAACTCAGATCAYGT,G-sp-sp-AGTCAA_S11_R1_001_sub.fastq,G-sp-sp-AGTCAA_S11_R2_001_sub.fastq
54,CWM3A,filter-env,CWM3A.4,H,GTTTCG,4,29,TAGATC,H-29,180,16S,AGTTACYYTAGGGATAACAGCG,CCGGTCTGAACTCAGATCAYGT,H-GTTTCG_S12_R1_001_sub.fastq,H-GTTTCG_S12_R2_001_sub.fastq
56,DIH2O-20140715,filter-dih2o,DIH2O-20140715.1,B,TAGCTT,4,15,CGACGC,B-15,180,16S,AGTTACYYTAGGGATAACAGCG,CCGGTCTGAACTCAGATCAYGT,B-sp-sp-TAGCTT_S6_R1_001_sub.fastq,B-sp-sp-TAGCTT_S6_R2_001_sub.fastq
57,DIH2O-20140715,filter-dih2o,DIH2O-20140715.2,C,TCCCGA,4,17,ACTAGC,C-17,180,16S,AGTTACYYTAGGGATAACAGCG,CCGGTCTGAACTCAGATCAYGT,C-sp-sp-TCCCGA_S7_R1_001_sub.fastq,C-sp-sp-TCCCGA_S7_R2_001_sub.fastq
58,DIH2O-20140715,filter-dih2o,DIH2O-20140715.3,G,AGTCAA,4,27,GCTACA,G-27,180,16S,AGTTACYYTAGGGATAACAGCG,CCGGTCTGAACTCAGATCAYGT,G-sp-sp-AGTCAA_S11_R1_001_sub.fastq,G-sp-sp-AGTCAA_S11_R2_001_sub.fastq
55,DIH2O-20140715,filter-dih2o,DIH2O-20140715.4,J,CAACTA,4,12,GATGAC,J-12,180,16S,AGTTACYYTAGGGATAACAGCG,CCGGTCTGAACTCAGATCAYGT,J-sp-CAACTA_S13_R1_001_sub.fastq,J-sp-CAACTA_S13_R2_001_sub.fastq
62,DIH2O-20140724,filter-dih2o,DIH2O-20140724.1,B,TAGCTT,4,24,ATGATA,B-24,180,16S,AGTTACYYTAGGGATAACAGCG,CCGGTCTGAACTCAGATCAYGT,B-sp-sp-TAGCTT_S6_R1_001_sub.fastq,B-sp-sp-TAGCTT_S6_R2_001_sub.fastq
60,DIH2O-20140724,filter-dih2o,DIH2O-20140724.2,D,ATTCCT,4,11,GCAGTG,D-11,180,16S,AGTTACYYTAGGGATAACAGCG,CCGGTCTGAACTCAGATCAYGT,D-ATTCCT_S8_R1_001_sub.fastq,D-ATTCCT_S8_R2_001_sub.fastq
61,DIH2O-20140724,filter-dih2o,DIH2O-20140724.3,F,CTATAC,4,23,TACGTG,F-23,180,16S,AGTTACYYTAGGGATAACAGCG,CCGGTCTGAACTCAGATCAYGT,F-CTATAC_S10_R1_001_sub.fastq,F-CTATAC_S10_R2_001_sub.fastq
59,DIH2O-20140724,filter-dih2o,DIH2O-20140724.4,J,CAACTA,4,3,GTCTCT,J-3,180,16S,AGTTACYYTAGGGATAACAGCG,CCGGTCTGAACTCAGATCAYGT,J-sp-CAACTA_S13_R1_001_sub.fastq,J-sp-CAACTA_S13_R2_001_sub.fastq
63,DIH2O-20140725,filter-dih2o,DIH2O-20140725.1,B,TAGCTT,4,3,GTCTCT,B-3,180,16S,AGTTACYYTAGGGATAACAGCG,CCGGTCTGAACTCAGATCAYGT,B-sp-sp-TAGCTT_S6_R1_001_sub.fastq,B-sp-sp-TAGCTT_S6_R2_001_sub.fastq
65,DIH2O-20140725,filter-dih2o,DIH2O-20140725.2,D,ATTCCT,4,26,ATGCAG,D-26,180,16S,AGTTACYYTAGGGATAACAGCG,CCGGTCTGAACTCAGATCAYGT,D-ATTCCT_S8_R1_001_sub.fastq,D-ATTCCT_S8_R2_001_sub.fastq
64,DIH2O-20140725,filter-dih2o,DIH2O-20140725.3,H,GTTTCG,4,9,TCGCAT,H-9,180,16S,AGTTACYYTAGGGATAACAGCG,CCGGTCTGAACTCAGATCAYGT,H-GTTTCG_S12_R1_001_sub.fastq,H-GTTTCG_S12_R2_001_sub.fastq
66,DIH2O-20140725,filter-dih2o,DIH2O-20140725.4,K,GGTAGC,4,29,TAGATC,K-29,180,16S,AGTTACYYTAGGGATAACAGCG,CCGGTCTGAACTCAGATCAYGT,K-sp-sp-GGTAGC_S14_R1_001_sub.fastq,K-sp-sp-GGTAGC_S14_R2_001_sub.fastq
67,ECC-4M-A,filter-env,ECC-4M-A.1,H,GTTTCG,4,12,GATGAC,H-12,180,16S,AGTTACYYTAGGGATAACAGCG,CCGGTCTGAACTCAGATCAYGT,H-GTTTCG_S12_R1_001_sub.fastq,H-GTTTCG_S12_R2_001_sub.fastq
68,ECC-4M-B,filter-env,ECC-4M-B.1,D,ATTCCT,4,25,TCTGCG,D-25,180,16S,AGTTACYYTAGGGATAACAGCG,CCGGTCTGAACTCAGATCAYGT,D-ATTCCT_S8_R1_001_sub.fastq,D-ATTCCT_S8_R2_001_sub.fastq
69,ECC-4M-C,filter-env,ECC-4M-C.1,J,CAACTA,4,19,CTGCGT,J-19,180,16S,AGTTACYYTAGGGATAACAGCG,CCGGTCTGAACTCAGATCAYGT,J-sp-CAACTA_S13_R1_001_sub.fastq,J-sp-CAACTA_S13_R2_001_sub.fastq
70,ECC-DOCK-A,filter-env,ECC-DOCK-A.1,D,ATTCCT,4,17,ACTAGC,D-17,180,16S,AGTTACYYTAGGGATAACAGCG,CCGGTCTGAACTCAGATCAYGT,D-ATTCCT_S8_R1_001_sub.fastq,D-ATTCCT_S8_R2_001_sub.fastq
71,ECC-DOCK-B,filter-env,ECC-DOCK-B.1,A,GTGAAA,4,22,GCGTAG,A-22,180,16S,AGTTACYYTAGGGATAACAGCG,CCGGTCTGAACTCAGATCAYGT,A-sp-GTGAAA_S5_R1_001_sub.fastq,A-sp-GTGAAA_S5_R2_001_sub.fastq
72,ECC-DOCK-C,filter-env,ECC-DOCK-C.1,G,AGTCAA,4,14,TCGTCA,G-14,180,16S,AGTTACYYTAGGGATAACAGCG,CCGGTCTGAACTCAGATCAYGT,G-sp-sp-AGTCAA_S11_R1_001_sub.fastq,G-sp-sp-AGTCAA_S11_R2_001_sub.fastq
73,ECC-SURF-A,filter-env,ECC-SURF-A.1,E,CCGTCC,4,16,GCGAGT,E-16,180,16S,AGTTACYYTAGGGATAACAGCG,CCGGTCTGAACTCAGATCAYGT,E-sp-CCGTCC_S9_R1_001_sub.fastq,E-sp-CCGTCC_S9_R2_001_sub.fastq
74,ECC-SURF-B,filter-env,ECC-SURF-B.1,K,GGTAGC,4,21,ACTGAT,K-21,180,16S,AGTTACYYTAGGGATAACAGCG,CCGGTCTGAACTCAGATCAYGT,K-sp-sp-GGTAGC_S14_R1_001_sub.fastq,K-sp-sp-GGTAGC_S14_R2_001_sub.fastq
75,ECC-SURF-C,filter-env,ECC-SURF-C.1,D,ATTCCT,4,20,ACTCTG,D-20,180,16S,AGTTACYYTAGGGATAACAGCG,CCGGTCTGAACTCAGATCAYGT,D-ATTCCT_S8_R1_001_sub.fastq,D-ATTCCT_S8_R2_001_sub.fastq
76,KMM1A,filter-env,KMM1A.1,D,ATTCCT,4,3,GTCTCT,D-3,180,16S,AGTTACYYTAGGGATAACAGCG,CCGGTCTGAACTCAGATCAYGT,D-ATTCCT_S8_R1_001_sub.fastq,D-ATTCCT_S8_R2_001_sub.fastq
78,KMM1A,filter-env,KMM1A.2,D,ATTCCT,4,13,ATCAGT,D-13,180,16S,AGTTACYYTAGGGATAACAGCG,CCGGTCTGAACTCAGATCAYGT,D-ATTCCT_S8_R1_001_sub.fastq,D-ATTCCT_S8_R2_001_sub.fastq
77,KMM1A,filter-env,KMM1A.3,F,CTATAC,4,6,ACGACG,F-6,180,16S,AGTTACYYTAGGGATAACAGCG,CCGGTCTGAACTCAGATCAYGT,F-CTATAC_S10_R1_001_sub.fastq,F-CTATAC_S10_R2_001_sub.fastq
79,KMM1A,filter-env,KMM1A.4,F,CTATAC,4,25,TCTGCG,F-25,180,16S,AGTTACYYTAGGGATAACAGCG,CCGGTCTGAACTCAGATCAYGT,F-CTATAC_S10_R1_001_sub.fastq,F-CTATAC_S10_R2_001_sub.fastq
81,KMM2A,filter-env,KMM2A.1,B,TAGCTT,4,21,ACTGAT,B-21,180,16S,AGTTACYYTAGGGATAACAGCG,CCGGTCTGAACTCAGATCAYGT,B-sp-sp-TAGCTT_S6_R1_001_sub.fastq,B-sp-sp-TAGCTT_S6_R2_001_sub.fastq
80,KMM2A,filter-env,KMM2A.2,D,ATTCCT,4,8,CTCGCA,D-8,180,16S,AGTTACYYTAGGGATAACAGCG,CCGGTCTGAACTCAGATCAYGT,D-ATTCCT_S8_R1_001_sub.fastq,D-ATTCCT_S8_R2_001_sub.fastq
83,KMM2A,filter-env,KMM2A.3,F,CTATAC,4,27,GCTACA,F-27,180,16S,AGTTACYYTAGGGATAACAGCG,CCGGTCTGAACTCAGATCAYGT,F-CTATAC_S10_R1_001_sub.fastq,F-CTATAC_S10_R2_001_sub.fastq
82,KMM2A,filter-env,KMM2A.4,K,GGTAGC,4,25,TCTGCG,K-25,180,16S,AGTTACYYTAGGGATAACAGCG,CCGGTCTGAACTCAGATCAYGT,K-sp-sp-GGTAGC_S14_R1_001_sub.fastq,K-sp-sp-GGTAGC_S14_R2_001_sub.fastq
85,KMM3A,filter-env,KMM3A.1,A,GTGAAA,4,3,GTCTCT,A-3,180,16S,AGTTACYYTAGGGATAACAGCG,CCGGTCTGAACTCAGATCAYGT,A-sp-GTGAAA_S5_R1_001_sub.fastq,A-sp-GTGAAA_S5_R2_001_sub.fastq
84,KMM3A,filter-env,KMM3A.2,D,ATTCCT,4,2,ACAGCA,D-2,180,16S,AGTTACYYTAGGGATAACAGCG,CCGGTCTGAACTCAGATCAYGT,D-ATTCCT_S8_R1_001_sub.fastq,D-ATTCCT_S8_R2_001_sub.fastq
86,KMM3A,filter-env,KMM3A.3,H,GTTTCG,4,10,TGTATG,H-10,180,16S,AGTTACYYTAGGGATAACAGCG,CCGGTCTGAACTCAGATCAYGT,H-GTTTCG_S12_R1_001_sub.fastq,H-GTTTCG_S12_R2_001_sub.fastq
87,KMM3A,filter-env,KMM3A.4,H,GTTTCG,4,19,CTGCGT,H-19,180,16S,AGTTACYYTAGGGATAACAGCG,CCGGTCTGAACTCAGATCAYGT,H-GTTTCG_S12_R1_001_sub.fastq,H-GTTTCG_S12_R2_001_sub.fastq
88,LOM1A,filter-env,LOM1A.1,A,GTGAAA,4,11,GCAGTG,A-11,180,16S,AGTTACYYTAGGGATAACAGCG,CCGGTCTGAACTCAGATCAYGT,A-sp-GTGAAA_S5_R1_001_sub.fastq,A-sp-GTGAAA_S5_R2_001_sub.fastq
90,LOM1A,filter-env,LOM1A.2,C,TCCCGA,4,15,CGACGC,C-15,180,16S,AGTTACYYTAGGGATAACAGCG,CCGGTCTGAACTCAGATCAYGT,C-sp-sp-TCCCGA_S7_R1_001_sub.fastq,C-sp-sp-TCCCGA_S7_R2_001_sub.fastq
91,LOM1A,filter-env,LOM1A.3,C,TCCCGA,4,23,TACGTG,C-23,180,16S,AGTTACYYTAGGGATAACAGCG,CCGGTCTGAACTCAGATCAYGT,C-sp-sp-TCCCGA_S7_R1_001_sub.fastq,C-sp-sp-TCCCGA_S7_R2_001_sub.fastq
89,LOM1A,filter-env,LOM1A.4,K,GGTAGC,4,12,GATGAC,K-12,180,16S,AGTTACYYTAGGGATAACAGCG,CCGGTCTGAACTCAGATCAYGT,K-sp-sp-GGTAGC_S14_R1_001_sub.fastq,K-sp-sp-GGTAGC_S14_R2_001_sub.fastq
95,LOM2A,filter-env,LOM2A.1,A,GTGAAA,4,30,ATGTGC,A-30,180,16S,AGTTACYYTAGGGATAACAGCG,CCGGTCTGAACTCAGATCAYGT,A-sp-GTGAAA_S5_R1_001_sub.fastq,A-sp-GTGAAA_S5_R2_001_sub.fastq
94,LOM2A,filter-env,LOM2A.2,E,CCGTCC,4,26,ATGCAG,E-26,180,16S,AGTTACYYTAGGGATAACAGCG,CCGGTCTGAACTCAGATCAYGT,E-sp-CCGTCC_S9_R1_001_sub.fastq,E-sp-CCGTCC_S9_R2_001_sub.fastq
93,LOM2A,filter-env,LOM2A.3,F,CTATAC,4,21,ACTGAT,F-21,180,16S,AGTTACYYTAGGGATAACAGCG,CCGGTCTGAACTCAGATCAYGT,F-CTATAC_S10_R1_001_sub.fastq,F-CTATAC_S10_R2_001_sub.fastq
92,LOM2A,filter-env,LOM2A.4,G,AGTCAA,4,10,TGTATG,G-10,180,16S,AGTTACYYTAGGGATAACAGCG,CCGGTCTGAACTCAGATCAYGT,G-sp-sp-AGTCAA_S11_R1_001_sub.fastq,G-sp-sp-AGTCAA_S11_R2_001_sub.fastq
99,LOM3A,filter-env,LOM3A.1,A,GTGAAA,4,26,ATGCAG,A-26,180,16S,AGTTACYYTAGGGATAACAGCG,CCGGTCTGAACTCAGATCAYGT,A-sp-GTGAAA_S5_R1_001_sub.fastq,A-sp-GTGAAA_S5_R2_001_sub.fastq
98,LOM3A,filter-env,LOM3A.2,C,TCCCGA,4,24,ATGATA,C-24,180,16S,AGTTACYYTAGGGATAACAGCG,CCGGTCTGAACTCAGATCAYGT,C-sp-sp-TCCCGA_S7_R1_001_sub.fastq,C-sp-sp-TCCCGA_S7_R2_001_sub.fastq
97,LOM3A,filter-env,LOM3A.3,D,ATTCCT,4,23,TACGTG,D-23,180,16S,AGTTACYYTAGGGATAACAGCG,CCGGTCTGAACTCAGATCAYGT,D-ATTCCT_S8_R1_001_sub.fastq,D-ATTCCT_S8_R2_001_sub.fastq
96,LOM3A,filter-env,LOM3A.4,K,GGTAGC,4,3,GTCTCT,K-3,180,16S,AGTTACYYTAGGGATAACAGCG,CCGGTCTGAACTCAGATCAYGT,K-sp-sp-GGTAGC_S14_R1_001_sub.fastq,K-sp-sp-GGTAGC_S14_R2_001_sub.fastq
102,MAM1A,filter-env,MAM1A.1,C,TCCCGA,4,19,CTGCGT,C-19,180,16S,AGTTACYYTAGGGATAACAGCG,CCGGTCTGAACTCAGATCAYGT,C-sp-sp-TCCCGA_S7_R1_001_sub.fastq,C-sp-sp-TCCCGA_S7_R2_001_sub.fastq
100,MAM1A,filter-env,MAM1A.2,H,GTTTCG,4,7,ATATCG,H-7,180,16S,AGTTACYYTAGGGATAACAGCG,CCGGTCTGAACTCAGATCAYGT,H-GTTTCG_S12_R1_001_sub.fastq,H-GTTTCG_S12_R2_001_sub.fastq
103,MAM1A,filter-env,MAM1A.3,H,GTTTCG,4,25,TCTGCG,H-25,180,16S,AGTTACYYTAGGGATAACAGCG,CCGGTCTGAACTCAGATCAYGT,H-GTTTCG_S12_R1_001_sub.fastq,H-GTTTCG_S12_R2_001_sub.fastq
101,MAM1A,filter-env,MAM1A.4,K,GGTAGC,4,16,GCGAGT,K-16,180,16S,AGTTACYYTAGGGATAACAGCG,CCGGTCTGAACTCAGATCAYGT,K-sp-sp-GGTAGC_S14_R1_001_sub.fastq,K-sp-sp-GGTAGC_S14_R2_001_sub.fastq
107,MAM2A,filter-env,MAM2A.1,B,TAGCTT,4,28,AGAGAG,B-28,180,16S,AGTTACYYTAGGGATAACAGCG,CCGGTCTGAACTCAGATCAYGT,B-sp-sp-TAGCTT_S6_R1_001_sub.fastq,B-sp-sp-TAGCTT_S6_R2_001_sub.fastq
106,MAM2A,filter-env,MAM2A.2,C,TCCCGA,4,26,ATGCAG,C-26,180,16S,AGTTACYYTAGGGATAACAGCG,CCGGTCTGAACTCAGATCAYGT,C-sp-sp-TCCCGA_S7_R1_001_sub.fastq,C-sp-sp-TCCCGA_S7_R2_001_sub.fastq
104,MAM2A,filter-env,MAM2A.3,J,CAACTA,4,5,ACATGT,J-5,180,16S,AGTTACYYTAGGGATAACAGCG,CCGGTCTGAACTCAGATCAYGT,J-sp-CAACTA_S13_R1_001_sub.fastq,J-sp-CAACTA_S13_R2_001_sub.fastq
105,MAM2A,filter-env,MAM2A.4,J,CAACTA,4,9,TCGCAT,J-9,180,16S,AGTTACYYTAGGGATAACAGCG,CCGGTCTGAACTCAGATCAYGT,J-sp-CAACTA_S13_R1_001_sub.fastq,J-sp-CAACTA_S13_R2_001_sub.fastq
110,MAM3A,filter-env,MAM3A.1,E,CCGTCC,4,25,TCTGCG,E-25,180,16S,AGTTACYYTAGGGATAACAGCG,CCGGTCTGAACTCAGATCAYGT,E-sp-CCGTCC_S9_R1_001_sub.fastq,E-sp-CCGTCC_S9_R2_001_sub.fastq
111,MAM3A,filter-env,MAM3A.2,G,AGTCAA,4,28,AGAGAG,G-28,180,16S,AGTTACYYTAGGGATAACAGCG,CCGGTCTGAACTCAGATCAYGT,G-sp-sp-AGTCAA_S11_R1_001_sub.fastq,G-sp-sp-AGTCAA_S11_R2_001_sub.fastq
108,MAM3A,filter-env,MAM3A.3,H,GTTTCG,4,8,CTCGCA,H-8,180,16S,AGTTACYYTAGGGATAACAGCG,CCGGTCTGAACTCAGATCAYGT,H-GTTTCG_S12_R1_001_sub.fastq,H-GTTTCG_S12_R2_001_sub.fastq
109,MAM3A,filter-env,MAM3A.4,K,GGTAGC,4,14,TCGTCA,K-14,180,16S,AGTTACYYTAGGGATAACAGCG,CCGGTCTGAACTCAGATCAYGT,K-sp-sp-GGTAGC_S14_R1_001_sub.fastq,K-sp-sp-GGTAGC_S14_R2_001_sub.fastq
114,PCM1A,filter-env,PCM1A.1,A,GTGAAA,4,18,CACGAT,A-18,180,16S,AGTTACYYTAGGGATAACAGCG,CCGGTCTGAACTCAGATCAYGT,A-sp-GTGAAA_S5_R1_001_sub.fastq,A-sp-GTGAAA_S5_R2_001_sub.fastq
112,PCM1A,filter-env,PCM1A.2,C,TCCCGA,4,4,GCGCTC,C-4,180,16S,AGTTACYYTAGGGATAACAGCG,CCGGTCTGAACTCAGATCAYGT,C-sp-sp-TCCCGA_S7_R1_001_sub.fastq,C-sp-sp-TCCCGA_S7_R2_001_sub.fastq
113,PCM1A,filter-env,PCM1A.3,E,CCGTCC,4,12,GATGAC,E-12,180,16S,AGTTACYYTAGGGATAACAGCG,CCGGTCTGAACTCAGATCAYGT,E-sp-CCGTCC_S9_R1_001_sub.fastq,E-sp-CCGTCC_S9_R2_001_sub.fastq
115,PCM1A,filter-env,PCM1A.4,H,GTTTCG,4,26,ATGCAG,H-26,180,16S,AGTTACYYTAGGGATAACAGCG,CCGGTCTGAACTCAGATCAYGT,H-GTTTCG_S12_R1_001_sub.fastq,H-GTTTCG_S12_R2_001_sub.fastq
119,PCM2A,filter-env,PCM2A.1,C,TCCCGA,4,27,GCTACA,C-27,180,16S,AGTTACYYTAGGGATAACAGCG,CCGGTCTGAACTCAGATCAYGT,C-sp-sp-TCCCGA_S7_R1_001_sub.fastq,C-sp-sp-TCCCGA_S7_R2_001_sub.fastq
117,PCM2A,filter-env,PCM2A.2,D,ATTCCT,4,9,TCGCAT,D-9,180,16S,AGTTACYYTAGGGATAACAGCG,CCGGTCTGAACTCAGATCAYGT,D-ATTCCT_S8_R1_001_sub.fastq,D-ATTCCT_S8_R2_001_sub.fastq
116,PCM2A,filter-env,PCM2A.3,E,CCGTCC,4,4,GCGCTC,E-4,180,16S,AGTTACYYTAGGGATAACAGCG,CCGGTCTGAACTCAGATCAYGT,E-sp-CCGTCC_S9_R1_001_sub.fastq,E-sp-CCGTCC_S9_R2_001_sub.fastq
118,PCM2A,filter-env,PCM2A.4,G,AGTCAA,4,19,CTGCGT,G-19,180,16S,AGTTACYYTAGGGATAACAGCG,CCGGTCTGAACTCAGATCAYGT,G-sp-sp-AGTCAA_S11_R1_001_sub.fastq,G-sp-sp-AGTCAA_S11_R2_001_sub.fastq
123,PCM3A,filter-env,PCM3A.1,D,ATTCCT,4,22,GCGTAG,D-22,180,16S,AGTTACYYTAGGGATAACAGCG,CCGGTCTGAACTCAGATCAYGT,D-ATTCCT_S8_R1_001_sub.fastq,D-ATTCCT_S8_R2_001_sub.fastq
121,PCM3A,filter-env,PCM3A.2,G,AGTCAA,4,12,GATGAC,G-12,180,16S,AGTTACYYTAGGGATAACAGCG,CCGGTCTGAACTCAGATCAYGT,G-sp-sp-AGTCAA_S11_R1_001_sub.fastq,G-sp-sp-AGTCAA_S11_R2_001_sub.fastq
122,PCM3A,filter-env,PCM3A.3,G,AGTCAA,4,21,ACTGAT,G-21,180,16S,AGTTACYYTAGGGATAACAGCG,CCGGTCTGAACTCAGATCAYGT,G-sp-sp-AGTCAA_S11_R1_001_sub.fastq,G-sp-sp-AGTCAA_S11_R2_001_sub.fastq
120,PCM3A,filter-env,PCM3A.4,K,GGTAGC,4,10,TGTATG,K-10,180,16S,AGTTACYYTAGGGATAACAGCG,CCGGTCTGAACTCAGATCAYGT,K-sp-sp-GGTAGC_S14_R1_001_sub.fastq,K-sp-sp-GGTAGC_S14_R2_001_sub.fastq
125,PCT-C-0000,filter-env,PCT-C-0000.1,B,TAGCTT,4,16,GCGAGT,B-16,180,16S,AGTTACYYTAGGGATAACAGCG,CCGGTCTGAACTCAGATCAYGT,B-sp-sp-TAGCTT_S6_R1_001_sub.fastq,B-sp-sp-TAGCTT_S6_R2_001_sub.fastq
127,PCT-C-0000,filter-env,PCT-C-0000.2,H,GTTTCG,4,30,ATGTGC,H-30,180,16S,AGTTACYYTAGGGATAACAGCG,CCGGTCTGAACTCAGATCAYGT,H-GTTTCG_S12_R1_001_sub.fastq,H-GTTTCG_S12_R2_001_sub.fastq
124,PCT-C-0000,filter-env,PCT-C-0000.3,J,CAACTA,4,13,ATCAGT,J-13,180,16S,AGTTACYYTAGGGATAACAGCG,CCGGTCTGAACTCAGATCAYGT,J-sp-CAACTA_S13_R1_001_sub.fastq,J-sp-CAACTA_S13_R2_001_sub.fastq
126,PCT-C-0000,filter-env,PCT-C-0000.4,J,CAACTA,4,27,GCTACA,J-27,180,16S,AGTTACYYTAGGGATAACAGCG,CCGGTCTGAACTCAGATCAYGT,J-sp-CAACTA_S13_R1_001_sub.fastq,J-sp-CAACTA_S13_R2_001_sub.fastq
128,PCT-C-0075,filter-env,PCT-C-0075.1,E,CCGTCC,4,1,ACACAC,E-1,180,16S,AGTTACYYTAGGGATAACAGCG,CCGGTCTGAACTCAGATCAYGT,E-sp-CCGTCC_S9_R1_001_sub.fastq,E-sp-CCGTCC_S9_R2_001_sub.fastq
129,PCT-C-0075,filter-env,PCT-C-0075.2,H,GTTTCG,4,1,ACACAC,H-1,180,16S,AGTTACYYTAGGGATAACAGCG,CCGGTCTGAACTCAGATCAYGT,H-GTTTCG_S12_R1_001_sub.fastq,H-GTTTCG_S12_R2_001_sub.fastq
131,PCT-C-0075,filter-env,PCT-C-0075.3,J,CAACTA,4,18,CACGAT,J-18,180,16S,AGTTACYYTAGGGATAACAGCG,CCGGTCTGAACTCAGATCAYGT,J-sp-CAACTA_S13_R1_001_sub.fastq,J-sp-CAACTA_S13_R2_001_sub.fastq
130,PCT-C-0075,filter-env,PCT-C-0075.4,K,GGTAGC,4,11,GCAGTG,K-11,180,16S,AGTTACYYTAGGGATAACAGCG,CCGGTCTGAACTCAGATCAYGT,K-sp-sp-GGTAGC_S14_R1_001_sub.fastq,K-sp-sp-GGTAGC_S14_R2_001_sub.fastq
133,PCT-C-0125,filter-env,PCT-C-0125.1,F,CTATAC,4,16,GCGAGT,F-16,180,16S,AGTTACYYTAGGGATAACAGCG,CCGGTCTGAACTCAGATCAYGT,F-CTATAC_S10_R1_001_sub.fastq,F-CTATAC_S10_R2_001_sub.fastq
132,PCT-C-0125,filter-env,PCT-C-0125.2,G,AGTCAA,4,13,ATCAGT,G-13,180,16S,AGTTACYYTAGGGATAACAGCG,CCGGTCTGAACTCAGATCAYGT,G-sp-sp-AGTCAA_S11_R1_001_sub.fastq,G-sp-sp-AGTCAA_S11_R2_001_sub.fastq
134,PCT-C-0125,filter-env,PCT-C-0125.3,K,GGTAGC,4,22,GCGTAG,K-22,180,16S,AGTTACYYTAGGGATAACAGCG,CCGGTCTGAACTCAGATCAYGT,K-sp-sp-GGTAGC_S14_R1_001_sub.fastq,K-sp-sp-GGTAGC_S14_R2_001_sub.fastq
135,PCT-C-0125,filter-env,PCT-C-0125.4,K,GGTAGC,4,24,ATGATA,K-24,180,16S,AGTTACYYTAGGGATAACAGCG,CCGGTCTGAACTCAGATCAYGT,K-sp-sp-GGTAGC_S14_R1_001_sub.fastq,K-sp-sp-GGTAGC_S14_R2_001_sub.fastq
139,PCT-C-0250,filter-env,PCT-C-0250.1,A,GTGAAA,4,24,ATGATA,A-24,180,16S,AGTTACYYTAGGGATAACAGCG,CCGGTCTGAACTCAGATCAYGT,A-sp-GTGAAA_S5_R1_001_sub.fastq,A-sp-GTGAAA_S5_R2_001_sub.fastq
136,PCT-C-0250,filter-env,PCT-C-0250.2,E,CCGTCC,4,10,TGTATG,E-10,180,16S,AGTTACYYTAGGGATAACAGCG,CCGGTCTGAACTCAGATCAYGT,E-sp-CCGTCC_S9_R1_001_sub.fastq,E-sp-CCGTCC_S9_R2_001_sub.fastq
138,PCT-C-0250,filter-env,PCT-C-0250.3,F,CTATAC,4,18,CACGAT,F-18,180,16S,AGTTACYYTAGGGATAACAGCG,CCGGTCTGAACTCAGATCAYGT,F-CTATAC_S10_R1_001_sub.fastq,F-CTATAC_S10_R2_001_sub.fastq
137,PCT-C-0250,filter-env,PCT-C-0250.4,H,GTTTCG,4,14,TCGTCA,H-14,180,16S,AGTTACYYTAGGGATAACAGCG,CCGGTCTGAACTCAGATCAYGT,H-GTTTCG_S12_R1_001_sub.fastq,H-GTTTCG_S12_R2_001_sub.fastq
141,PCT-C-0500,filter-env,PCT-C-0500.1,B,TAGCTT,4,4,GCGCTC,B-4,180,16S,AGTTACYYTAGGGATAACAGCG,CCGGTCTGAACTCAGATCAYGT,B-sp-sp-TAGCTT_S6_R1_001_sub.fastq,B-sp-sp-TAGCTT_S6_R2_001_sub.fastq
140,PCT-C-0500,filter-env,PCT-C-0500.2,C,TCCCGA,4,1,ACACAC,C-1,180,16S,AGTTACYYTAGGGATAACAGCG,CCGGTCTGAACTCAGATCAYGT,C-sp-sp-TCCCGA_S7_R1_001_sub.fastq,C-sp-sp-TCCCGA_S7_R2_001_sub.fastq
142,PCT-C-0500,filter-env,PCT-C-0500.3,J,CAACTA,4,6,ACGACG,J-6,180,16S,AGTTACYYTAGGGATAACAGCG,CCGGTCTGAACTCAGATCAYGT,J-sp-CAACTA_S13_R1_001_sub.fastq,J-sp-CAACTA_S13_R2_001_sub.fastq
143,PCT-C-0500,filter-env,PCT-C-0500.4,J,CAACTA,4,30,ATGTGC,J-30,180,16S,AGTTACYYTAGGGATAACAGCG,CCGGTCTGAACTCAGATCAYGT,J-sp-CAACTA_S13_R1_001_sub.fastq,J-sp-CAACTA_S13_R2_001_sub.fastq
144,PCT-C-1000,filter-env,PCT-C-1000.1,C,TCCCGA,4,11,GCAGTG,C-11,180,16S,AGTTACYYTAGGGATAACAGCG,CCGGTCTGAACTCAGATCAYGT,C-sp-sp-TCCCGA_S7_R1_001_sub.fastq,C-sp-sp-TCCCGA_S7_R2_001_sub.fastq
145,PCT-C-1000,filter-env,PCT-C-1000.2,F,CTATAC,4,11,GCAGTG,F-11,180,16S,AGTTACYYTAGGGATAACAGCG,CCGGTCTGAACTCAGATCAYGT,F-CTATAC_S10_R1_001_sub.fastq,F-CTATAC_S10_R2_001_sub.fastq
147,PCT-C-1000,filter-env,PCT-C-1000.3,G,AGTCAA,4,24,ATGATA,G-24,180,16S,AGTTACYYTAGGGATAACAGCG,CCGGTCTGAACTCAGATCAYGT,G-sp-sp-AGTCAA_S11_R1_001_sub.fastq,G-sp-sp-AGTCAA_S11_R2_001_sub.fastq
146,PCT-C-1000,filter-env,PCT-C-1000.4,J,CAACTA,4,11,GCAGTG,J-11,180,16S,AGTTACYYTAGGGATAACAGCG,CCGGTCTGAACTCAGATCAYGT,J-sp-CAACTA_S13_R1_001_sub.fastq,J-sp-CAACTA_S13_R2_001_sub.fastq
151,PCT-C-2000,filter-env,PCT-C-2000.1,B,TAGCTT,4,25,TCTGCG,B-25,180,16S,AGTTACYYTAGGGATAACAGCG,CCGGTCTGAACTCAGATCAYGT,B-sp-sp-TAGCTT_S6_R1_001_sub.fastq,B-sp-sp-TAGCTT_S6_R2_001_sub.fastq
148,PCT-C-2000,filter-env,PCT-C-2000.2,C,TCCCGA,4,5,ACATGT,C-5,180,16S,AGTTACYYTAGGGATAACAGCG,CCGGTCTGAACTCAGATCAYGT,C-sp-sp-TCCCGA_S7_R1_001_sub.fastq,C-sp-sp-TCCCGA_S7_R2_001_sub.fastq
150,PCT-C-2000,filter-env,PCT-C-2000.3,F,CTATAC,4,12,GATGAC,F-12,180,16S,AGTTACYYTAGGGATAACAGCG,CCGGTCTGAACTCAGATCAYGT,F-CTATAC_S10_R1_001_sub.fastq,F-CTATAC_S10_R2_001_sub.fastq
149,PCT-C-2000,filter-env,PCT-C-2000.4,H,GTTTCG,4,5,ACATGT,H-5,180,16S,AGTTACYYTAGGGATAACAGCG,CCGGTCTGAACTCAGATCAYGT,H-GTTTCG_S12_R1_001_sub.fastq,H-GTTTCG_S12_R2_001_sub.fastq
155,PCT-C-4000,filter-env,PCT-C-4000.1,C,TCCCGA,4,20,ACTCTG,C-20,180,16S,AGTTACYYTAGGGATAACAGCG,CCGGTCTGAACTCAGATCAYGT,C-sp-sp-TCCCGA_S7_R1_001_sub.fastq,C-sp-sp-TCCCGA_S7_R2_001_sub.fastq
153,PCT-C-4000,filter-env,PCT-C-4000.2,F,CTATAC,4,14,TCGTCA,F-14,180,16S,AGTTACYYTAGGGATAACAGCG,CCGGTCTGAACTCAGATCAYGT,F-CTATAC_S10_R1_001_sub.fastq,F-CTATAC_S10_R2_001_sub.fastq
152,PCT-C-4000,filter-env,PCT-C-4000.3,G,AGTCAA,4,7,ATATCG,G-7,180,16S,AGTTACYYTAGGGATAACAGCG,CCGGTCTGAACTCAGATCAYGT,G-sp-sp-AGTCAA_S11_R1_001_sub.fastq,G-sp-sp-AGTCAA_S11_R2_001_sub.fastq
154,PCT-C-4000,filter-env,PCT-C-4000.4,H,GTTTCG,4,18,CACGAT,H-18,180,16S,AGTTACYYTAGGGATAACAGCG,CCGGTCTGAACTCAGATCAYGT,H-GTTTCG_S12_R1_001_sub.fastq,H-GTTTCG_S12_R2_001_sub.fastq
159,PCT-N-0000,filter-env,PCT-N-0000.1,D,ATTCCT,4,29,TAGATC,D-29,180,16S,AGTTACYYTAGGGATAACAGCG,CCGGTCTGAACTCAGATCAYGT,D-ATTCCT_S8_R1_001_sub.fastq,D-ATTCCT_S8_R2_001_sub.fastq
158,PCT-N-0000,filter-env,PCT-N-0000.2,F,CTATAC,4,28,AGAGAG,F-28,180,16S,AGTTACYYTAGGGATAACAGCG,CCGGTCTGAACTCAGATCAYGT,F-CTATAC_S10_R1_001_sub.fastq,F-CTATAC_S10_R2_001_sub.fastq
156,PCT-N-0000,filter-env,PCT-N-0000.3,H,GTTTCG,4,2,ACAGCA,H-2,180,16S,AGTTACYYTAGGGATAACAGCG,CCGGTCTGAACTCAGATCAYGT,H-GTTTCG_S12_R1_001_sub.fastq,H-GTTTCG_S12_R2_001_sub.fastq
157,PCT-N-0000,filter-env,PCT-N-0000.4,K,GGTAGC,4,13,ATCAGT,K-13,180,16S,AGTTACYYTAGGGATAACAGCG,CCGGTCTGAACTCAGATCAYGT,K-sp-sp-GGTAGC_S14_R1_001_sub.fastq,K-sp-sp-GGTAGC_S14_R2_001_sub.fastq
163,PCT-N-0075,filter-env,PCT-N-0075.1,B,TAGCTT,4,30,ATGTGC,B-30,180,16S,AGTTACYYTAGGGATAACAGCG,CCGGTCTGAACTCAGATCAYGT,B-sp-sp-TAGCTT_S6_R1_001_sub.fastq,B-sp-sp-TAGCTT_S6_R2_001_sub.fastq
160,PCT-N-0075,filter-env,PCT-N-0075.2,F,CTATAC,4,15,CGACGC,F-15,180,16S,AGTTACYYTAGGGATAACAGCG,CCGGTCTGAACTCAGATCAYGT,F-CTATAC_S10_R1_001_sub.fastq,F-CTATAC_S10_R2_001_sub.fastq
161,PCT-N-0075,filter-env,PCT-N-0075.3,G,AGTCAA,4,15,CGACGC,G-15,180,16S,AGTTACYYTAGGGATAACAGCG,CCGGTCTGAACTCAGATCAYGT,G-sp-sp-AGTCAA_S11_R1_001_sub.fastq,G-sp-sp-AGTCAA_S11_R2_001_sub.fastq
162,PCT-N-0075,filter-env,PCT-N-0075.4,K,GGTAGC,4,19,CTGCGT,K-19,180,16S,AGTTACYYTAGGGATAACAGCG,CCGGTCTGAACTCAGATCAYGT,K-sp-sp-GGTAGC_S14_R1_001_sub.fastq,K-sp-sp-GGTAGC_S14_R2_001_sub.fastq
167,PCT-N-0125,filter-env,PCT-N-0125.1,A,GTGAAA,4,14,TCGTCA,A-14,180,16S,AGTTACYYTAGGGATAACAGCG,CCGGTCTGAACTCAGATCAYGT,A-sp-GTGAAA_S5_R1_001_sub.fastq,A-sp-GTGAAA_S5_R2_001_sub.fastq
165,PCT-N-0125,filter-env,PCT-N-0125.2,D,ATTCCT,4,7,ATATCG,D-7,180,16S,AGTTACYYTAGGGATAACAGCG,CCGGTCTGAACTCAGATCAYGT,D-ATTCCT_S8_R1_001_sub.fastq,D-ATTCCT_S8_R2_001_sub.fastq
166,PCT-N-0125,filter-env,PCT-N-0125.3,F,CTATAC,4,13,ATCAGT,F-13,180,16S,AGTTACYYTAGGGATAACAGCG,CCGGTCTGAACTCAGATCAYGT,F-CTATAC_S10_R1_001_sub.fastq,F-CTATAC_S10_R2_001_sub.fastq
164,PCT-N-0125,filter-env,PCT-N-0125.4,G,AGTCAA,4,1,ACACAC,G-1,180,16S,AGTTACYYTAGGGATAACAGCG,CCGGTCTGAACTCAGATCAYGT,G-sp-sp-AGTCAA_S11_R1_001_sub.fastq,G-sp-sp-AGTCAA_S11_R2_001_sub.fastq
169,PCT-N-0250,filter-env,PCT-N-0250.1,B,TAGCTT,4,10,TGTATG,B-10,180,16S,AGTTACYYTAGGGATAACAGCG,CCGGTCTGAACTCAGATCAYGT,B-sp-sp-TAGCTT_S6_R1_001_sub.fastq,B-sp-sp-TAGCTT_S6_R2_001_sub.fastq
170,PCT-N-0250,filter-env,PCT-N-0250.2,B,TAGCTT,4,12,GATGAC,B-12,180,16S,AGTTACYYTAGGGATAACAGCG,CCGGTCTGAACTCAGATCAYGT,B-sp-sp-TAGCTT_S6_R1_001_sub.fastq,B-sp-sp-TAGCTT_S6_R2_001_sub.fastq
168,PCT-N-0250,filter-env,PCT-N-0250.3,G,AGTCAA,4,5,ACATGT,G-5,180,16S,AGTTACYYTAGGGATAACAGCG,CCGGTCTGAACTCAGATCAYGT,G-sp-sp-AGTCAA_S11_R1_001_sub.fastq,G-sp-sp-AGTCAA_S11_R2_001_sub.fastq
171,PCT-N-0250,filter-env,PCT-N-0250.4,H,GTTTCG,4,13,ATCAGT,H-13,180,16S,AGTTACYYTAGGGATAACAGCG,CCGGTCTGAACTCAGATCAYGT,H-GTTTCG_S12_R1_001_sub.fastq,H-GTTTCG_S12_R2_001_sub.fastq
174,PCT-N-0500,filter-env,PCT-N-0500.1,C,TCCCGA,4,16,GCGAGT,C-16,180,16S,AGTTACYYTAGGGATAACAGCG,CCGGTCTGAACTCAGATCAYGT,C-sp-sp-TCCCGA_S7_R1_001_sub.fastq,C-sp-sp-TCCCGA_S7_R2_001_sub.fastq
173,PCT-N-0500,filter-env,PCT-N-0500.2,D,ATTCCT,4,12,GATGAC,D-12,180,16S,AGTTACYYTAGGGATAACAGCG,CCGGTCTGAACTCAGATCAYGT,D-ATTCCT_S8_R1_001_sub.fastq,D-ATTCCT_S8_R2_001_sub.fastq
175,PCT-N-0500,filter-env,PCT-N-0500.3,J,CAACTA,4,29,TAGATC,J-29,180,16S,AGTTACYYTAGGGATAACAGCG,CCGGTCTGAACTCAGATCAYGT,J-sp-CAACTA_S13_R1_001_sub.fastq,J-sp-CAACTA_S13_R2_001_sub.fastq
172,PCT-N-0500,filter-env,PCT-N-0500.4,K,GGTAGC,4,1,ACACAC,K-1,180,16S,AGTTACYYTAGGGATAACAGCG,CCGGTCTGAACTCAGATCAYGT,K-sp-sp-GGTAGC_S14_R1_001_sub.fastq,K-sp-sp-GGTAGC_S14_R2_001_sub.fastq
176,PCT-N-1000,filter-env,PCT-N-1000.1,B,TAGCTT,4,6,ACGACG,B-6,180,16S,AGTTACYYTAGGGATAACAGCG,CCGGTCTGAACTCAGATCAYGT,B-sp-sp-TAGCTT_S6_R1_001_sub.fastq,B-sp-sp-TAGCTT_S6_R2_001_sub.fastq
178,PCT-N-1000,filter-env,PCT-N-1000.2,B,TAGCTT,4,22,GCGTAG,B-22,180,16S,AGTTACYYTAGGGATAACAGCG,CCGGTCTGAACTCAGATCAYGT,B-sp-sp-TAGCTT_S6_R1_001_sub.fastq,B-sp-sp-TAGCTT_S6_R2_001_sub.fastq
179,PCT-N-1000,filter-env,PCT-N-1000.3,F,CTATAC,4,24,ATGATA,F-24,180,16S,AGTTACYYTAGGGATAACAGCG,CCGGTCTGAACTCAGATCAYGT,F-CTATAC_S10_R1_001_sub.fastq,F-CTATAC_S10_R2_001_sub.fastq
177,PCT-N-1000,filter-env,PCT-N-1000.4,J,CAACTA,4,21,ACTGAT,J-21,180,16S,AGTTACYYTAGGGATAACAGCG,CCGGTCTGAACTCAGATCAYGT,J-sp-CAACTA_S13_R1_001_sub.fastq,J-sp-CAACTA_S13_R2_001_sub.fastq
180,PCT-N-2000,filter-env,PCT-N-2000.1,A,GTGAAA,4,1,ACACAC,A-1,180,16S,AGTTACYYTAGGGATAACAGCG,CCGGTCTGAACTCAGATCAYGT,A-sp-GTGAAA_S5_R1_001_sub.fastq,A-sp-GTGAAA_S5_R2_001_sub.fastq
181,PCT-N-2000,filter-env,PCT-N-2000.2,A,GTGAAA,4,2,ACAGCA,A-2,180,16S,AGTTACYYTAGGGATAACAGCG,CCGGTCTGAACTCAGATCAYGT,A-sp-GTGAAA_S5_R1_001_sub.fastq,A-sp-GTGAAA_S5_R2_001_sub.fastq
182,PCT-N-2000,filter-env,PCT-N-2000.3,E,CCGTCC,4,2,ACAGCA,E-2,180,16S,AGTTACYYTAGGGATAACAGCG,CCGGTCTGAACTCAGATCAYGT,E-sp-CCGTCC_S9_R1_001_sub.fastq,E-sp-CCGTCC_S9_R2_001_sub.fastq
183,PCT-N-2000,filter-env,PCT-N-2000.4,H,GTTTCG,4,16,GCGAGT,H-16,180,16S,AGTTACYYTAGGGATAACAGCG,CCGGTCTGAACTCAGATCAYGT,H-GTTTCG_S12_R1_001_sub.fastq,H-GTTTCG_S12_R2_001_sub.fastq
186,PCT-N-4000,filter-env,PCT-N-4000.1,A,GTGAAA,4,20,ACTCTG,A-20,180,16S,AGTTACYYTAGGGATAACAGCG,CCGGTCTGAACTCAGATCAYGT,A-sp-GTGAAA_S5_R1_001_sub.fastq,A-sp-GTGAAA_S5_R2_001_sub.fastq
187,PCT-N-4000,filter-env,PCT-N-4000.2,E,CCGTCC,4,23,TACGTG,E-23,180,16S,AGTTACYYTAGGGATAACAGCG,CCGGTCTGAACTCAGATCAYGT,E-sp-CCGTCC_S9_R1_001_sub.fastq,E-sp-CCGTCC_S9_R2_001_sub.fastq
184,PCT-N-4000,filter-env,PCT-N-4000.3,F,CTATAC,4,4,GCGCTC,F-4,180,16S,AGTTACYYTAGGGATAACAGCG,CCGGTCTGAACTCAGATCAYGT,F-CTATAC_S10_R1_001_sub.fastq,F-CTATAC_S10_R2_001_sub.fastq
185,PCT-N-4000,filter-env,PCT-N-4000.4,G,AGTCAA,4,8,CTCGCA,G-8,180,16S,AGTTACYYTAGGGATAACAGCG,CCGGTCTGAACTCAGATCAYGT,G-sp-sp-AGTCAA_S11_R1_001_sub.fastq,G-sp-sp-AGTCAA_S11_R2_001_sub.fastq
191,PCT-S-0000,filter-env,PCT-S-0000.1,B,TAGCTT,4,20,ACTCTG,B-20,180,16S,AGTTACYYTAGGGATAACAGCG,CCGGTCTGAACTCAGATCAYGT,B-sp-sp-TAGCTT_S6_R1_001_sub.fastq,B-sp-sp-TAGCTT_S6_R2_001_sub.fastq
189,PCT-S-0000,filter-env,PCT-S-0000.2,E,CCGTCC,4,7,ATATCG,E-7,180,16S,AGTTACYYTAGGGATAACAGCG,CCGGTCTGAACTCAGATCAYGT,E-sp-CCGTCC_S9_R1_001_sub.fastq,E-sp-CCGTCC_S9_R2_001_sub.fastq
188,PCT-S-0000,filter-env,PCT-S-0000.3,F,CTATAC,4,5,ACATGT,F-5,180,16S,AGTTACYYTAGGGATAACAGCG,CCGGTCTGAACTCAGATCAYGT,F-CTATAC_S10_R1_001_sub.fastq,F-CTATAC_S10_R2_001_sub.fastq
190,PCT-S-0000,filter-env,PCT-S-0000.4,H,GTTTCG,4,17,ACTAGC,H-17,180,16S,AGTTACYYTAGGGATAACAGCG,CCGGTCTGAACTCAGATCAYGT,H-GTTTCG_S12_R1_001_sub.fastq,H-GTTTCG_S12_R2_001_sub.fastq
193,PCT-S-0075,filter-env,PCT-S-0075.1,A,GTGAAA,4,17,ACTAGC,A-17,180,16S,AGTTACYYTAGGGATAACAGCG,CCGGTCTGAACTCAGATCAYGT,A-sp-GTGAAA_S5_R1_001_sub.fastq,A-sp-GTGAAA_S5_R2_001_sub.fastq
195,PCT-S-0075,filter-env,PCT-S-0075.2,A,GTGAAA,4,28,AGAGAG,A-28,180,16S,AGTTACYYTAGGGATAACAGCG,CCGGTCTGAACTCAGATCAYGT,A-sp-GTGAAA_S5_R1_001_sub.fastq,A-sp-GTGAAA_S5_R2_001_sub.fastq
194,PCT-S-0075,filter-env,PCT-S-0075.3,F,CTATAC,4,17,ACTAGC,F-17,180,16S,AGTTACYYTAGGGATAACAGCG,CCGGTCTGAACTCAGATCAYGT,F-CTATAC_S10_R1_001_sub.fastq,F-CTATAC_S10_R2_001_sub.fastq
192,PCT-S-0075,filter-env,PCT-S-0075.4,J,CAACTA,4,2,ACAGCA,J-2,180,16S,AGTTACYYTAGGGATAACAGCG,CCGGTCTGAACTCAGATCAYGT,J-sp-CAACTA_S13_R1_001_sub.fastq,J-sp-CAACTA_S13_R2_001_sub.fastq
196,PCT-S-0125,filter-env,PCT-S-0125.1,B,TAGCTT,4,2,ACAGCA,B-2,180,16S,AGTTACYYTAGGGATAACAGCG,CCGGTCTGAACTCAGATCAYGT,B-sp-sp-TAGCTT_S6_R1_001_sub.fastq,B-sp-sp-TAGCTT_S6_R2_001_sub.fastq
198,PCT-S-0125,filter-env,PCT-S-0125.2,G,AGTCAA,4,20,ACTCTG,G-20,180,16S,AGTTACYYTAGGGATAACAGCG,CCGGTCTGAACTCAGATCAYGT,G-sp-sp-AGTCAA_S11_R1_001_sub.fastq,G-sp-sp-AGTCAA_S11_R2_001_sub.fastq
197,PCT-S-0125,filter-env,PCT-S-0125.3,J,CAACTA,4,17,ACTAGC,J-17,180,16S,AGTTACYYTAGGGATAACAGCG,CCGGTCTGAACTCAGATCAYGT,J-sp-CAACTA_S13_R1_001_sub.fastq,J-sp-CAACTA_S13_R2_001_sub.fastq
199,PCT-S-0125,filter-env,PCT-S-0125.4,J,CAACTA,4,25,TCTGCG,J-25,180,16S,AGTTACYYTAGGGATAACAGCG,CCGGTCTGAACTCAGATCAYGT,J-sp-CAACTA_S13_R1_001_sub.fastq,J-sp-CAACTA_S13_R2_001_sub.fastq
203,PCT-S-0250,filter-env,PCT-S-0250.1,E,CCGTCC,4,15,CGACGC,E-15,180,16S,AGTTACYYTAGGGATAACAGCG,CCGGTCTGAACTCAGATCAYGT,E-sp-CCGTCC_S9_R1_001_sub.fastq,E-sp-CCGTCC_S9_R2_001_sub.fastq
200,PCT-S-0250,filter-env,PCT-S-0250.2,K,GGTAGC,4,6,ACGACG,K-6,180,16S,AGTTACYYTAGGGATAACAGCG,CCGGTCTGAACTCAGATCAYGT,K-sp-sp-GGTAGC_S14_R1_001_sub.fastq,K-sp-sp-GGTAGC_S14_R2_001_sub.fastq
201,PCT-S-0250,filter-env,PCT-S-0250.3,K,GGTAGC,4,8,CTCGCA,K-8,180,16S,AGTTACYYTAGGGATAACAGCG,CCGGTCTGAACTCAGATCAYGT,K-sp-sp-GGTAGC_S14_R1_001_sub.fastq,K-sp-sp-GGTAGC_S14_R2_001_sub.fastq
202,PCT-S-0250,filter-env,PCT-S-0250.4,K,GGTAGC,4,9,TCGCAT,K-9,180,16S,AGTTACYYTAGGGATAACAGCG,CCGGTCTGAACTCAGATCAYGT,K-sp-sp-GGTAGC_S14_R1_001_sub.fastq,K-sp-sp-GGTAGC_S14_R2_001_sub.fastq
205,PCT-S-0500,filter-env,PCT-S-0500.1,A,GTGAAA,4,15,CGACGC,A-15,180,16S,AGTTACYYTAGGGATAACAGCG,CCGGTCTGAACTCAGATCAYGT,A-sp-GTGAAA_S5_R1_001_sub.fastq,A-sp-GTGAAA_S5_R2_001_sub.fastq
204,PCT-S-0500,filter-env,PCT-S-0500.2,B,TAGCTT,4,11,GCAGTG,B-11,180,16S,AGTTACYYTAGGGATAACAGCG,CCGGTCTGAACTCAGATCAYGT,B-sp-sp-TAGCTT_S6_R1_001_sub.fastq,B-sp-sp-TAGCTT_S6_R2_001_sub.fastq
207,PCT-S-0500,filter-env,PCT-S-0500.3,E,CCGTCC,4,29,TAGATC,E-29,180,16S,AGTTACYYTAGGGATAACAGCG,CCGGTCTGAACTCAGATCAYGT,E-sp-CCGTCC_S9_R1_001_sub.fastq,E-sp-CCGTCC_S9_R2_001_sub.fastq
206,PCT-S-0500,filter-env,PCT-S-0500.4,K,GGTAGC,4,20,ACTCTG,K-20,180,16S,AGTTACYYTAGGGATAACAGCG,CCGGTCTGAACTCAGATCAYGT,K-sp-sp-GGTAGC_S14_R1_001_sub.fastq,K-sp-sp-GGTAGC_S14_R2_001_sub.fastq
210,PCT-S-1000,filter-env,PCT-S-1000.1,A,GTGAAA,4,9,TCGCAT,A-9,180,16S,AGTTACYYTAGGGATAACAGCG,CCGGTCTGAACTCAGATCAYGT,A-sp-GTGAAA_S5_R1_001_sub.fastq,A-sp-GTGAAA_S5_R2_001_sub.fastq
211,PCT-S-1000,filter-env,PCT-S-1000.2,D,ATTCCT,4,14,TCGTCA,D-14,180,16S,AGTTACYYTAGGGATAACAGCG,CCGGTCTGAACTCAGATCAYGT,D-ATTCCT_S8_R1_001_sub.fastq,D-ATTCCT_S8_R2_001_sub.fastq
209,PCT-S-1000,filter-env,PCT-S-1000.3,G,AGTCAA,4,2,ACAGCA,G-2,180,16S,AGTTACYYTAGGGATAACAGCG,CCGGTCTGAACTCAGATCAYGT,G-sp-sp-AGTCAA_S11_R1_001_sub.fastq,G-sp-sp-AGTCAA_S11_R2_001_sub.fastq
208,PCT-S-1000,filter-env,PCT-S-1000.4,J,CAACTA,4,1,ACACAC,J-1,180,16S,AGTTACYYTAGGGATAACAGCG,CCGGTCTGAACTCAGATCAYGT,J-sp-CAACTA_S13_R1_001_sub.fastq,J-sp-CAACTA_S13_R2_001_sub.fastq
212,PCT-S-2000,filter-env,PCT-S-2000.1,A,GTGAAA,4,4,GCGCTC,A-4,180,16S,AGTTACYYTAGGGATAACAGCG,CCGGTCTGAACTCAGATCAYGT,A-sp-GTGAAA_S5_R1_001_sub.fastq,A-sp-GTGAAA_S5_R2_001_sub.fastq
215,PCT-S-2000,filter-env,PCT-S-2000.2,D,ATTCCT,4,27,GCTACA,D-27,180,16S,AGTTACYYTAGGGATAACAGCG,CCGGTCTGAACTCAGATCAYGT,D-ATTCCT_S8_R1_001_sub.fastq,D-ATTCCT_S8_R2_001_sub.fastq
214,PCT-S-2000,filter-env,PCT-S-2000.3,G,AGTCAA,4,22,GCGTAG,G-22,180,16S,AGTTACYYTAGGGATAACAGCG,CCGGTCTGAACTCAGATCAYGT,G-sp-sp-AGTCAA_S11_R1_001_sub.fastq,G-sp-sp-AGTCAA_S11_R2_001_sub.fastq
213,PCT-S-2000,filter-env,PCT-S-2000.4,K,GGTAGC,4,4,GCGCTC,K-4,180,16S,AGTTACYYTAGGGATAACAGCG,CCGGTCTGAACTCAGATCAYGT,K-sp-sp-GGTAGC_S14_R1_001_sub.fastq,K-sp-sp-GGTAGC_S14_R2_001_sub.fastq
216,PCT-S-4000,filter-env,PCT-S-4000.1,D,ATTCCT,4,5,ACATGT,D-5,180,16S,AGTTACYYTAGGGATAACAGCG,CCGGTCTGAACTCAGATCAYGT,D-ATTCCT_S8_R1_001_sub.fastq,D-ATTCCT_S8_R2_001_sub.fastq
217,PCT-S-4000,filter-env,PCT-S-4000.2,F,CTATAC,4,7,ATATCG,F-7,180,16S,AGTTACYYTAGGGATAACAGCG,CCGGTCTGAACTCAGATCAYGT,F-CTATAC_S10_R1_001_sub.fastq,F-CTATAC_S10_R2_001_sub.fastq
219,PCT-S-4000,filter-env,PCT-S-4000.3,F,CTATAC,4,30,ATGTGC,F-30,180,16S,AGTTACYYTAGGGATAACAGCG,CCGGTCTGAACTCAGATCAYGT,F-CTATAC_S10_R1_001_sub.fastq,F-CTATAC_S10_R2_001_sub.fastq
218,PCT-S-4000,filter-env,PCT-S-4000.4,J,CAACTA,4,26,ATGCAG,J-26,180,16S,AGTTACYYTAGGGATAACAGCG,CCGGTCTGAACTCAGATCAYGT,J-sp-CAACTA_S13_R1_001_sub.fastq,J-sp-CAACTA_S13_R2_001_sub.fastq
220,PMM1A,filter-env,PMM1A.1,A,GTGAAA,4,10,TGTATG,A-10,180,16S,AGTTACYYTAGGGATAACAGCG,CCGGTCTGAACTCAGATCAYGT,A-sp-GTGAAA_S5_R1_001_sub.fastq,A-sp-GTGAAA_S5_R2_001_sub.fastq
222,PMM1A,filter-env,PMM1A.2,A,GTGAAA,4,13,ATCAGT,A-13,180,16S,AGTTACYYTAGGGATAACAGCG,CCGGTCTGAACTCAGATCAYGT,A-sp-GTGAAA_S5_R1_001_sub.fastq,A-sp-GTGAAA_S5_R2_001_sub.fastq
221,PMM1A,filter-env,PMM1A.3,D,ATTCCT,4,10,TGTATG,D-10,180,16S,AGTTACYYTAGGGATAACAGCG,CCGGTCTGAACTCAGATCAYGT,D-ATTCCT_S8_R1_001_sub.fastq,D-ATTCCT_S8_R2_001_sub.fastq
223,PMM1A,filter-env,PMM1A.4,D,ATTCCT,4,21,ACTGAT,D-21,180,16S,AGTTACYYTAGGGATAACAGCG,CCGGTCTGAACTCAGATCAYGT,D-ATTCCT_S8_R1_001_sub.fastq,D-ATTCCT_S8_R2_001_sub.fastq
226,PMM2A,filter-env,PMM2A.1,D,ATTCCT,4,28,AGAGAG,D-28,180,16S,AGTTACYYTAGGGATAACAGCG,CCGGTCTGAACTCAGATCAYGT,D-ATTCCT_S8_R1_001_sub.fastq,D-ATTCCT_S8_R2_001_sub.fastq
224,PMM2A,filter-env,PMM2A.2,E,CCGTCC,4,8,CTCGCA,E-8,180,16S,AGTTACYYTAGGGATAACAGCG,CCGGTCTGAACTCAGATCAYGT,E-sp-CCGTCC_S9_R1_001_sub.fastq,E-sp-CCGTCC_S9_R2_001_sub.fastq
225,PMM2A,filter-env,PMM2A.3,E,CCGTCC,4,18,CACGAT,E-18,180,16S,AGTTACYYTAGGGATAACAGCG,CCGGTCTGAACTCAGATCAYGT,E-sp-CCGTCC_S9_R1_001_sub.fastq,E-sp-CCGTCC_S9_R2_001_sub.fastq
227,PMM2A,filter-env,PMM2A.4,K,GGTAGC,4,30,ATGTGC,K-30,180,16S,AGTTACYYTAGGGATAACAGCG,CCGGTCTGAACTCAGATCAYGT,K-sp-sp-GGTAGC_S14_R1_001_sub.fastq,K-sp-sp-GGTAGC_S14_R2_001_sub.fastq
228,PMM3B,filter-env,PMM3B.1,B,TAGCTT,4,8,CTCGCA,B-8,180,16S,AGTTACYYTAGGGATAACAGCG,CCGGTCTGAACTCAGATCAYGT,B-sp-sp-TAGCTT_S6_R1_001_sub.fastq,B-sp-sp-TAGCTT_S6_R2_001_sub.fastq
230,PMM3B,filter-env,PMM3B.2,F,CTATAC,4,10,TGTATG,F-10,180,16S,AGTTACYYTAGGGATAACAGCG,CCGGTCTGAACTCAGATCAYGT,F-CTATAC_S10_R1_001_sub.fastq,F-CTATAC_S10_R2_001_sub.fastq
231,PMM3B,filter-env,PMM3B.3,H,GTTTCG,4,21,ACTGAT,H-21,180,16S,AGTTACYYTAGGGATAACAGCG,CCGGTCTGAACTCAGATCAYGT,H-GTTTCG_S12_R1_001_sub.fastq,H-GTTTCG_S12_R2_001_sub.fastq
229,PMM3B,filter-env,PMM3B.4,J,CAACTA,4,8,CTCGCA,J-8,180,16S,AGTTACYYTAGGGATAACAGCG,CCGGTCTGAACTCAGATCAYGT,J-sp-CAACTA_S13_R1_001_sub.fastq,J-sp-CAACTA_S13_R2_001_sub.fastq
235,RBM1A,filter-env,RBM1A.1,B,TAGCTT,4,26,ATGCAG,B-26,180,16S,AGTTACYYTAGGGATAACAGCG,CCGGTCTGAACTCAGATCAYGT,B-sp-sp-TAGCTT_S6_R1_001_sub.fastq,B-sp-sp-TAGCTT_S6_R2_001_sub.fastq
234,RBM1A,filter-env,RBM1A.2,C,TCCCGA,4,22,GCGTAG,C-22,180,16S,AGTTACYYTAGGGATAACAGCG,CCGGTCTGAACTCAGATCAYGT,C-sp-sp-TCCCGA_S7_R1_001_sub.fastq,C-sp-sp-TCCCGA_S7_R2_001_sub.fastq
233,RBM1A,filter-env,RBM1A.3,F,CTATAC,4,20,ACTCTG,F-20,180,16S,AGTTACYYTAGGGATAACAGCG,CCGGTCTGAACTCAGATCAYGT,F-CTATAC_S10_R1_001_sub.fastq,F-CTATAC_S10_R2_001_sub.fastq
232,RBM1A,filter-env,RBM1A.4,H,GTTTCG,4,4,GCGCTC,H-4,180,16S,AGTTACYYTAGGGATAACAGCG,CCGGTCTGAACTCAGATCAYGT,H-GTTTCG_S12_R1_001_sub.fastq,H-GTTTCG_S12_R2_001_sub.fastq
236,RBM2A,filter-env,RBM2A.1,A,GTGAAA,4,6,ACGACG,A-6,180,16S,AGTTACYYTAGGGATAACAGCG,CCGGTCTGAACTCAGATCAYGT,A-sp-GTGAAA_S5_R1_001_sub.fastq,A-sp-GTGAAA_S5_R2_001_sub.fastq
238,RBM2A,filter-env,RBM2A.2,H,GTTTCG,4,20,ACTCTG,H-20,180,16S,AGTTACYYTAGGGATAACAGCG,CCGGTCTGAACTCAGATCAYGT,H-GTTTCG_S12_R1_001_sub.fastq,H-GTTTCG_S12_R2_001_sub.fastq
239,RBM2A,filter-env,RBM2A.3,H,GTTTCG,4,27,GCTACA,H-27,180,16S,AGTTACYYTAGGGATAACAGCG,CCGGTCTGAACTCAGATCAYGT,H-GTTTCG_S12_R1_001_sub.fastq,H-GTTTCG_S12_R2_001_sub.fastq
237,RBM2A,filter-env,RBM2A.4,J,CAACTA,4,15,CGACGC,J-15,180,16S,AGTTACYYTAGGGATAACAGCG,CCGGTCTGAACTCAGATCAYGT,J-sp-CAACTA_S13_R1_001_sub.fastq,J-sp-CAACTA_S13_R2_001_sub.fastq
240,RBM3A,filter-env,RBM3A.1,A,GTGAAA,4,7,ATATCG,A-7,180,16S,AGTTACYYTAGGGATAACAGCG,CCGGTCTGAACTCAGATCAYGT,A-sp-GTGAAA_S5_R1_001_sub.fastq,A-sp-GTGAAA_S5_R2_001_sub.fastq
241,RBM3A,filter-env,RBM3A.2,B,TAGCTT,4,17,ACTAGC,B-17,180,16S,AGTTACYYTAGGGATAACAGCG,CCGGTCTGAACTCAGATCAYGT,B-sp-sp-TAGCTT_S6_R1_001_sub.fastq,B-sp-sp-TAGCTT_S6_R2_001_sub.fastq
242,RBM3A,filter-env,RBM3A.3,C,TCCCGA,4,18,CACGAT,C-18,180,16S,AGTTACYYTAGGGATAACAGCG,CCGGTCTGAACTCAGATCAYGT,C-sp-sp-TCCCGA_S7_R1_001_sub.fastq,C-sp-sp-TCCCGA_S7_R2_001_sub.fastq
243,RBM3A,filter-env,RBM3A.4,K,GGTAGC,4,18,CACGAT,K-18,180,16S,AGTTACYYTAGGGATAACAGCG,CCGGTCTGAACTCAGATCAYGT,K-sp-sp-GGTAGC_S14_R1_001_sub.fastq,K-sp-sp-GGTAGC_S14_R2_001_sub.fastq
247,SIM1A,filter-env,SIM1A.1,C,TCCCGA,4,21,ACTGAT,C-21,180,16S,AGTTACYYTAGGGATAACAGCG,CCGGTCTGAACTCAGATCAYGT,C-sp-sp-TCCCGA_S7_R1_001_sub.fastq,C-sp-sp-TCCCGA_S7_R2_001_sub.fastq
244,SIM1A,filter-env,SIM1A.2,F,CTATAC,4,3,GTCTCT,F-3,180,16S,AGTTACYYTAGGGATAACAGCG,CCGGTCTGAACTCAGATCAYGT,F-CTATAC_S10_R1_001_sub.fastq,F-CTATAC_S10_R2_001_sub.fastq
246,SIM1A,filter-env,SIM1A.3,G,AGTCAA,4,9,TCGCAT,G-9,180,16S,AGTTACYYTAGGGATAACAGCG,CCGGTCTGAACTCAGATCAYGT,G-sp-sp-AGTCAA_S11_R1_001_sub.fastq,G-sp-sp-AGTCAA_S11_R2_001_sub.fastq
245,SIM1A,filter-env,SIM1A.4,J,CAACTA,4,4,GCGCTC,J-4,180,16S,AGTTACYYTAGGGATAACAGCG,CCGGTCTGAACTCAGATCAYGT,J-sp-CAACTA_S13_R1_001_sub.fastq,J-sp-CAACTA_S13_R2_001_sub.fastq
248,SIM2A,filter-env,SIM2A.1,B,TAGCTT,4,5,ACATGT,B-5,180,16S,AGTTACYYTAGGGATAACAGCG,CCGGTCTGAACTCAGATCAYGT,B-sp-sp-TAGCTT_S6_R1_001_sub.fastq,B-sp-sp-TAGCTT_S6_R2_001_sub.fastq
249,SIM2A,filter-env,SIM2A.2,C,TCCCGA,4,8,CTCGCA,C-8,180,16S,AGTTACYYTAGGGATAACAGCG,CCGGTCTGAACTCAGATCAYGT,C-sp-sp-TCCCGA_S7_R1_001_sub.fastq,C-sp-sp-TCCCGA_S7_R2_001_sub.fastq
250,SIM2A,filter-env,SIM2A.3,C,TCCCGA,4,9,TCGCAT,C-9,180,16S,AGTTACYYTAGGGATAACAGCG,CCGGTCTGAACTCAGATCAYGT,C-sp-sp-TCCCGA_S7_R1_001_sub.fastq,C-sp-sp-TCCCGA_S7_R2_001_sub.fastq
251,SIM2A,filter-env,SIM2A.4,J,CAACTA,4,10,TGTATG,J-10,180,16S,AGTTACYYTAGGGATAACAGCG,CCGGTCTGAACTCAGATCAYGT,J-sp-CAACTA_S13_R1_001_sub.fastq,J-sp-CAACTA_S13_R2_001_sub.fastq
252,SIM3A,filter-env,SIM3A.1,C,TCCCGA,4,3,GTCTCT,C-3,180,16S,AGTTACYYTAGGGATAACAGCG,CCGGTCTGAACTCAGATCAYGT,C-sp-sp-TCCCGA_S7_R1_001_sub.fastq,C-sp-sp-TCCCGA_S7_R2_001_sub.fastq
253,SIM3A,filter-env,SIM3A.2,G,AGTCAA,4,4,GCGCTC,G-4,180,16S,AGTTACYYTAGGGATAACAGCG,CCGGTCTGAACTCAGATCAYGT,G-sp-sp-AGTCAA_S11_R1_001_sub.fastq,G-sp-sp-AGTCAA_S11_R2_001_sub.fastq
254,SIM3A,filter-env,SIM3A.3,H,GTTTCG,4,24,ATGATA,H-24,180,16S,AGTTACYYTAGGGATAACAGCG,CCGGTCTGAACTCAGATCAYGT,H-GTTTCG_S12_R1_001_sub.fastq,H-GTTTCG_S12_R2_001_sub.fastq
255,SIM3A,filter-env,SIM3A.4,J,CAACTA,4,28,AGAGAG,J-28,180,16S,AGTTACYYTAGGGATAACAGCG,CCGGTCTGAACTCAGATCAYGT,J-sp-CAACTA_S13_R1_001_sub.fastq,J-sp-CAACTA_S13_R2_001_sub.fastq
258,SMM1A,filter-env,SMM1A.1,C,TCCCGA,4,25,TCTGCG,C-25,180,16S,AGTTACYYTAGGGATAACAGCG,CCGGTCTGAACTCAGATCAYGT,C-sp-sp-TCCCGA_S7_R1_001_sub.fastq,C-sp-sp-TCCCGA_S7_R2_001_sub.fastq
259,SMM1A,filter-env,SMM1A.2,E,CCGTCC,4,30,ATGTGC,E-30,180,16S,AGTTACYYTAGGGATAACAGCG,CCGGTCTGAACTCAGATCAYGT,E-sp-CCGTCC_S9_R1_001_sub.fastq,E-sp-CCGTCC_S9_R2_001_sub.fastq
256,SMM1A,filter-env,SMM1A.3,H,GTTTCG,4,23,TACGTG,H-23,180,16S,AGTTACYYTAGGGATAACAGCG,CCGGTCTGAACTCAGATCAYGT,H-GTTTCG_S12_R1_001_sub.fastq,H-GTTTCG_S12_R2_001_sub.fastq
257,SMM1A,filter-env,SMM1A.4,J,CAACTA,4,24,ATGATA,J-24,180,16S,AGTTACYYTAGGGATAACAGCG,CCGGTCTGAACTCAGATCAYGT,J-sp-CAACTA_S13_R1_001_sub.fastq,J-sp-CAACTA_S13_R2_001_sub.fastq
262,SMM2A,filter-env,SMM2A.1,D,ATTCCT,4,16,GCGAGT,D-16,180,16S,AGTTACYYTAGGGATAACAGCG,CCGGTCTGAACTCAGATCAYGT,D-ATTCCT_S8_R1_001_sub.fastq,D-ATTCCT_S8_R2_001_sub.fastq
260,SMM2A,filter-env,SMM2A.2,E,CCGTCC,4,11,GCAGTG,E-11,180,16S,AGTTACYYTAGGGATAACAGCG,CCGGTCTGAACTCAGATCAYGT,E-sp-CCGTCC_S9_R1_001_sub.fastq,E-sp-CCGTCC_S9_R2_001_sub.fastq
261,SMM2A,filter-env,SMM2A.3,E,CCGTCC,4,14,TCGTCA,E-14,180,16S,AGTTACYYTAGGGATAACAGCG,CCGGTCTGAACTCAGATCAYGT,E-sp-CCGTCC_S9_R1_001_sub.fastq,E-sp-CCGTCC_S9_R2_001_sub.fastq
263,SMM2A,filter-env,SMM2A.4,J,CAACTA,4,20,ACTCTG,J-20,180,16S,AGTTACYYTAGGGATAACAGCG,CCGGTCTGAACTCAGATCAYGT,J-sp-CAACTA_S13_R1_001_sub.fastq,J-sp-CAACTA_S13_R2_001_sub.fastq
265,SMM3A,filter-env,SMM3A.1,B,TAGCTT,4,14,TCGTCA,B-14,180,16S,AGTTACYYTAGGGATAACAGCG,CCGGTCTGAACTCAGATCAYGT,B-sp-sp-TAGCTT_S6_R1_001_sub.fastq,B-sp-sp-TAGCTT_S6_R2_001_sub.fastq
267,SMM3A,filter-env,SMM3A.2,B,TAGCTT,4,19,CTGCGT,B-19,180,16S,AGTTACYYTAGGGATAACAGCG,CCGGTCTGAACTCAGATCAYGT,B-sp-sp-TAGCTT_S6_R1_001_sub.fastq,B-sp-sp-TAGCTT_S6_R2_001_sub.fastq
264,SMM3A,filter-env,SMM3A.3,K,GGTAGC,4,2,ACAGCA,K-2,180,16S,AGTTACYYTAGGGATAACAGCG,CCGGTCTGAACTCAGATCAYGT,K-sp-sp-GGTAGC_S14_R1_001_sub.fastq,K-sp-sp-GGTAGC_S14_R2_001_sub.fastq
266,SMM3A,filter-env,SMM3A.4,K,GGTAGC,4,17,ACTAGC,K-17,180,16S,AGTTACYYTAGGGATAACAGCG,CCGGTCTGAACTCAGATCAYGT,K-sp-sp-GGTAGC_S14_R1_001_sub.fastq,K-sp-sp-GGTAGC_S14_R2_001_sub.fastq
270,TILAPIA-1,tissue,TILAPIA-1.1,B,TAGCTT,4,27,GCTACA,B-27,180,16S,AGTTACYYTAGGGATAACAGCG,CCGGTCTGAACTCAGATCAYGT,B-sp-sp-TAGCTT_S6_R1_001_sub.fastq,B-sp-sp-TAGCTT_S6_R2_001_sub.fastq
269,TILAPIA-1,tissue,TILAPIA-1.2,C,TCCCGA,4,10,TGTATG,C-10,180,16S,AGTTACYYTAGGGATAACAGCG,CCGGTCTGAACTCAGATCAYGT,C-sp-sp-TCCCGA_S7_R1_001_sub.fastq,C-sp-sp-TCCCGA_S7_R2_001_sub.fastq
271,TILAPIA-1,tissue,TILAPIA-1.3,D,ATTCCT,4,30,ATGTGC,D-30,180,16S,AGTTACYYTAGGGATAACAGCG,CCGGTCTGAACTCAGATCAYGT,D-ATTCCT_S8_R1_001_sub.fastq,D-ATTCCT_S8_R2_001_sub.fastq
268,TILAPIA-1,tissue,TILAPIA-1.4,E,CCGTCC,4,9,TCGCAT,E-9,180,16S,AGTTACYYTAGGGATAACAGCG,CCGGTCTGAACTCAGATCAYGT,E-sp-CCGTCC_S9_R1_001_sub.fastq,E-sp-CCGTCC_S9_R2_001_sub.fastq
274,TILAPIA-2,tissue,TILAPIA-2.1,C,TCCCGA,4,29,TAGATC,C-29,180,16S,AGTTACYYTAGGGATAACAGCG,CCGGTCTGAACTCAGATCAYGT,C-sp-sp-TCCCGA_S7_R1_001_sub.fastq,C-sp-sp-TCCCGA_S7_R2_001_sub.fastq
272,TILAPIA-2,tissue,TILAPIA-2.2,G,AGTCAA,4,18,CACGAT,G-18,180,16S,AGTTACYYTAGGGATAACAGCG,CCGGTCTGAACTCAGATCAYGT,G-sp-sp-AGTCAA_S11_R1_001_sub.fastq,G-sp-sp-AGTCAA_S11_R2_001_sub.fastq
275,TILAPIA-2,tissue,TILAPIA-2.3,G,AGTCAA,4,30,ATGTGC,G-30,180,16S,AGTTACYYTAGGGATAACAGCG,CCGGTCTGAACTCAGATCAYGT,G-sp-sp-AGTCAA_S11_R1_001_sub.fastq,G-sp-sp-AGTCAA_S11_R2_001_sub.fastq
273,TILAPIA-2,tissue,TILAPIA-2.4,K,GGTAGC,4,27,GCTACA,K-27,180,16S,AGTTACYYTAGGGATAACAGCG,CCGGTCTGAACTCAGATCAYGT,K-sp-sp-GGTAGC_S14_R1_001_sub.fastq,K-sp-sp-GGTAGC_S14_R2_001_sub.fastq
278,TILAPIA-3,tissue,TILAPIA-3.1,E,CCGTCC,4,21,ACTGAT,E-21,180,16S,AGTTACYYTAGGGATAACAGCG,CCGGTCTGAACTCAGATCAYGT,E-sp-CCGTCC_S9_R1_001_sub.fastq,E-sp-CCGTCC_S9_R2_001_sub.fastq
279,TILAPIA-3,tissue,TILAPIA-3.2,E,CCGTCC,4,28,AGAGAG,E-28,180,16S,AGTTACYYTAGGGATAACAGCG,CCGGTCTGAACTCAGATCAYGT,E-sp-CCGTCC_S9_R1_001_sub.fastq,E-sp-CCGTCC_S9_R2_001_sub.fastq
276,TILAPIA-3,tissue,TILAPIA-3.3,G,AGTCAA,4,3,GTCTCT,G-3,180,16S,AGTTACYYTAGGGATAACAGCG,CCGGTCTGAACTCAGATCAYGT,G-sp-sp-AGTCAA_S11_R1_001_sub.fastq,G-sp-sp-AGTCAA_S11_R2_001_sub.fastq
277,TILAPIA-3,tissue,TILAPIA-3.4,J,CAACTA,4,16,GCGAGT,J-16,180,16S,AGTTACYYTAGGGATAACAGCG,CCGGTCTGAACTCAGATCAYGT,J-sp-CAACTA_S13_R1_001_sub.fastq,J-sp-CAACTA_S13_R2_001_sub.fastq
281,TILAPIA-4,tissue,TILAPIA-4.1,A,GTGAAA,4,12,GATGAC,A-12,180,16S,AGTTACYYTAGGGATAACAGCG,CCGGTCTGAACTCAGATCAYGT,A-sp-GTGAAA_S5_R1_001_sub.fastq,A-sp-GTGAAA_S5_R2_001_sub.fastq
282,TILAPIA-4,tissue,TILAPIA-4.2,B,TAGCTT,4,13,ATCAGT,B-13,180,16S,AGTTACYYTAGGGATAACAGCG,CCGGTCTGAACTCAGATCAYGT,B-sp-sp-TAGCTT_S6_R1_001_sub.fastq,B-sp-sp-TAGCTT_S6_R2_001_sub.fastq
283,TILAPIA-4,tissue,TILAPIA-4.3,H,GTTTCG,4,28,AGAGAG,H-28,180,16S,AGTTACYYTAGGGATAACAGCG,CCGGTCTGAACTCAGATCAYGT,H-GTTTCG_S12_R1_001_sub.fastq,H-GTTTCG_S12_R2_001_sub.fastq
280,TILAPIA-4,tissue,TILAPIA-4.4,K,GGTAGC,4,7,ATATCG,K-7,180,16S,AGTTACYYTAGGGATAACAGCG,CCGGTCTGAACTCAGATCAYGT,K-sp-sp-GGTAGC_S14_R1_001_sub.fastq,K-sp-sp-GGTAGC_S14_R2_001_sub.fastq
